C3931393.py,C3931393.py,data.xml
C3931394.py,C3931394.py,data.xml
C3931393.py,C3931393.py,data.xml
C3931394.py,C3931394.py,data.xml
C3931393.py,C3931393.py,data.xml
C3931394.py,C3931394.py,data.xml
C3931393.py,C3931393.py,data.xml
C3931394.py,C3931394.py,data.xml
C3931393.py,C3931393.py,data.xml
C3931394.py,C3931394.py,data.xml
C3931395.py,C3931395.py,data.xml
C3931393.py,C3931393.py,data.xml
C3931394.py,C3931394.py,data.xml
C3931393.py,C3931393.py,data.xml
C3931394.py,C3931394.py,data.xml
C3931393.py,C3931393.py,data.xml
C3931394.py,C3931394.py,data.xml
C3931395.py,C3931395.py,data.xml
C3931393.py,C3931393.py,data.xml
C3931394.py,C3931394.py,data.xml
C3931393.py,C3931393.py,data.xml
C3931394.py,C3931394.py,data.xml
C3931393.py,C3931393.py,data.xml
C3931394.py,C3931394.py,data.xml
C3931393.py,C3931393.py,data.xml
C3931394.py,C3931394.py,data.xml
C3931393.py,C3931393.py,data.xml
C3931394.py,C3931394.py,data.xml
C3931393.py,C3931393.py,data.xml
C3931394.py,C3931394.py,data.xml
C3931395.py,C3931395.py,data.xml
C3931393.py,C3931393.py,data.xml
C3931394.py,C3931394.py,data.xml
C3931393.py,C3931393.py,data.xml
C3931394.py,C3931394.py,data.xml
C3931393.py,C3931393.py,data.xml
C3931394.py,C3931394.py,data.xml
C3931395.py,C3931395.py,data.xml
C3931393.py,C3931393.py,data.xml
C3931394.py,C3931394.py,data.xml
C3931393.py,C3931393.py,data.xml
C3931394.py,C3931394.py,data.xml
C3931393.py,C3931393.py,data.xml
C3931394.py,C3931394.py,data.xml
C3931393.py,C3931393.py,data.xml
C3931394.py,C3931394.py,data.xml
C3931393.py,C3931393.py,data.xml
C3931394.py,C3931394.py,data.xml
C3931393.py,C3931393.py,data.xml
C3931394.py,C3931394.py,data.xml
C3931395.py,C3931395.py,data.xml
C3931393.py,C3931393.py,data.xml
C3931394.py,C3931394.py,data.xml
C3931393.py,C3931393.py,data.xml
C3931394.py,C3931394.py,data.xml
C3931393.py,C3931393.py,data.xml
C3931394.py,C3931394.py,data.xml
C3931395.py,C3931395.py,data.xml
C3931393.py,C3931393.py,data.xml
C3931394.py,C3931394.py,data.xml